x,mcm
500.0,116.0
1080.0,116.0
1081.0,115.98
1081.99,115.96
1082.99,115.94
1083.98,115.91
1084.98,115.89
1085.98,115.87
1086.97,115.85
1087.97,115.83
1088.96,115.81
1089.96,115.79
1090.95,115.77
1091.95,115.74
1092.95,115.72
1093.94,115.7
1094.94,115.68
1095.93,115.66
1096.93,115.64
1097.93,115.62
1098.92,115.6
1099.92,115.57
1100.91,115.55
1101.91,115.53
1102.9,115.51
1103.9,115.49
1104.9,115.47
1105.89,115.45
1106.89,115.43
1107.88,115.41
1108.88,115.38
1109.88,115.36
1110.87,115.34
1111.87,115.32
1112.86,115.3
1113.86,115.28
1114.85,115.26
1115.85,115.24
1116.85,115.22
1117.84,115.2
1118.84,115.17
1119.83,115.15
1120.83,115.13
1121.83,115.11
1122.82,115.09
1123.82,115.07
1124.81,115.05
1125.81,115.03
1126.8,115.01
1127.8,114.99
1128.8,114.97
1129.79,114.95
1130.79,114.93
1131.78,114.9
1132.78,114.88
1133.78,114.86
1134.77,114.84
1135.77,114.82
1136.76,114.8
1137.76,114.78
1138.76,114.76
1139.75,114.74
1140.75,114.72
1141.74,114.7
1142.74,114.68
1143.73,114.66
1144.73,114.64
1145.73,114.62
1146.72,114.59
1147.72,114.57
1148.71,114.55
1149.71,114.53
1150.71,114.51
1151.7,114.49
1152.7,114.47
1153.69,114.45
1154.69,114.43
1155.68,114.41
1156.68,114.39
1157.68,114.37
1158.67,114.35
1159.67,114.33
1160.66,114.31
1161.66,114.29
1162.66,114.27
1163.65,114.25
1164.65,114.23
1165.64,114.21
1166.64,114.19
1167.63,114.17
1168.63,114.15
1169.63,114.13
1170.62,114.11
1171.62,114.09
1172.61,114.07
1173.61,114.04
1174.61,114.02
1175.6,114.0
1176.6,113.98
1177.59,113.96
1178.59,113.94
1179.59,113.92
1180.58,113.9
1181.58,113.88
1182.57,113.86
1183.57,113.84
1184.56,113.82
1185.56,113.8
1186.56,113.78
1187.55,113.76
1188.55,113.74
1189.54,113.72
1190.54,113.7
1191.54,113.68
1192.53,113.66
1193.53,113.64
1194.52,113.62
1195.52,113.6
1196.51,113.58
1197.51,113.56
1198.51,113.54
1199.5,113.52
1200.5,113.5
1201.49,113.48
1202.49,113.46
1203.49,113.44
1204.48,113.43
1205.48,113.41
1206.47,113.39
1207.47,113.37
1208.46,113.35
1209.46,113.33
1210.46,113.31
1211.45,113.29
1212.45,113.27
1213.44,113.25
1214.44,113.23
1215.44,113.21
1216.43,113.19
1217.43,113.17
1218.42,113.15
1219.42,113.13
1220.41,113.11
1221.41,113.09
1222.41,113.07
1223.4,113.05
1224.4,113.03
1225.39,113.01
1226.39,112.99
1227.39,112.97
1228.38,112.95
1229.38,112.93
1230.37,112.91
1231.37,112.9
1232.37,112.88
1233.36,112.86
1234.36,112.84
1235.35,112.82
1236.35,112.8
1237.34,112.78
1238.34,112.76
1239.34,112.74
1240.33,112.72
1241.33,112.7
1242.32,112.68
1243.32,112.66
1244.32,112.64
1245.31,112.62
1246.31,112.6
1247.3,112.59
1248.3,112.57
1249.29,112.55
1250.29,112.53
1251.29,112.51
1252.28,112.49
1253.28,112.47
1254.27,112.45
1255.27,112.43
1256.27,112.41
1257.26,112.39
1258.26,112.37
1259.25,112.36
1260.25,112.34
1261.24,112.32
1262.24,112.3
1263.24,112.28
1264.23,112.26
1265.23,112.24
1266.22,112.22
1267.22,112.2
1268.22,112.18
1269.21,112.17
1270.21,112.15
1271.2,112.13
1272.2,112.11
1273.2,112.09
1274.19,112.07
1275.19,112.05
1276.18,112.03
1277.18,112.01
1278.17,112.0
1279.17,111.98
1280.17,111.96
1281.16,111.94
1282.16,111.92
1283.15,111.9
1284.15,111.88
1285.15,111.86
1286.14,111.84
1287.14,111.83
1288.13,111.81
1289.13,111.79
1290.12,111.77
1291.12,111.75
1292.12,111.73
1293.11,111.71
1294.11,111.7
1295.1,111.68
1296.1,111.66
1297.1,111.64
1298.09,111.62
1299.09,111.6
1300.08,111.58
1301.08,111.56
1302.07,111.55
1303.07,111.53
1304.07,111.51
1305.06,111.49
1306.06,111.47
1307.05,111.45
1308.05,111.44
1309.05,111.42
1310.04,111.4
1311.04,111.38
1312.03,111.36
1313.03,111.34
1314.02,111.32
1315.02,111.31
1316.02,111.29
1317.01,111.27
1318.01,111.25
1319.0,111.23
1320.0,111.21
1321.0,111.2
1321.99,111.18
1322.99,111.16
1323.98,111.14
1324.98,111.12
1325.98,111.1
1326.97,111.09
1327.97,111.07
1328.96,111.05
1329.96,111.03
1330.95,111.01
1331.95,111.0
1332.95,110.98
1333.94,110.96
1334.94,110.94
1335.93,110.92
1336.93,110.9
1337.93,110.89
1338.92,110.87
1339.92,110.85
1340.91,110.83
1341.91,110.81
1342.9,110.8
1343.9,110.78
1344.9,110.76
1345.89,110.74
1346.89,110.72
1347.88,110.71
1348.88,110.69
1349.88,110.67
1350.87,110.65
1351.87,110.63
1352.86,110.62
1353.86,110.6
1354.85,110.58
1355.85,110.56
1356.85,110.55
1357.84,110.53
1358.84,110.51
1359.83,110.49
1360.83,110.47
1361.83,110.46
1362.82,110.44
1363.82,110.42
1364.81,110.4
1365.81,110.38
1366.8,110.37
1367.8,110.35
1368.8,110.33
1369.79,110.31
1370.79,110.3
1371.78,110.28
1372.78,110.26
1373.78,110.24
1374.77,110.23
1375.77,110.21
1376.76,110.19
1377.76,110.17
1378.76,110.16
1379.75,110.14
1380.75,110.12
1381.74,110.1
1382.74,110.08
1383.73,110.07
1384.73,110.05
1385.73,110.03
1386.72,110.01
1387.72,110.0
1388.71,109.98
1389.71,109.96
1390.71,109.95
1391.7,109.93
1392.7,109.91
1393.69,109.89
1394.69,109.88
1395.68,109.86
1396.68,109.84
1397.68,109.82
1398.67,109.81
1399.67,109.79
1400.66,109.77
1401.66,109.75
1402.66,109.74
1403.65,109.72
1404.65,109.7
1405.64,109.68
1406.64,109.67
1407.63,109.65
1408.63,109.63
1409.63,109.62
1410.62,109.6
1411.62,109.58
1412.61,109.56
1413.61,109.55
1414.61,109.53
1415.6,109.51
1416.6,109.5
1417.59,109.48
1418.59,109.46
1419.59,109.44
1420.58,109.43
1421.58,109.41
1422.57,109.39
1423.57,109.38
1424.56,109.36
1425.56,109.34
1426.56,109.33
1427.55,109.31
1428.55,109.29
1429.54,109.27
1430.54,109.26
1431.54,109.24
1432.53,109.22
1433.53,109.21
1434.52,109.19
1435.52,109.17
1436.51,109.16
1437.51,109.14
1438.51,109.12
1439.5,109.11
1440.5,109.09
1441.49,109.07
1442.49,109.06
1443.49,109.04
1444.48,109.02
1445.48,109.0
1446.47,108.99
1447.47,108.97
1448.46,108.95
1449.46,108.94
1450.46,108.92
1451.45,108.9
1452.45,108.89
1453.44,108.87
1454.44,108.85
1455.44,108.84
1456.43,108.82
1457.43,108.8
1458.42,108.79
1459.42,108.77
1460.41,108.75
1461.41,108.74
1462.41,108.72
1463.4,108.71
1464.4,108.69
1465.39,108.67
1466.39,108.66
1467.39,108.64
1468.38,108.62
1469.38,108.61
1470.37,108.59
1471.37,108.57
1472.37,108.56
1473.36,108.54
1474.36,108.52
1475.35,108.51
1476.35,108.49
1477.34,108.47
1478.34,108.46
1479.34,108.44
1480.33,108.43
1481.33,108.41
1482.32,108.39
1483.32,108.38
1484.32,108.36
1485.31,108.34
1486.31,108.33
1487.3,108.31
1488.3,108.3
1489.29,108.28
1490.29,108.26
1491.29,108.25
1492.28,108.23
1493.28,108.21
1494.27,108.2
1495.27,108.18
1496.27,108.17
1497.26,108.15
1498.26,108.13
1499.25,108.12
1500.25,108.1
1501.24,108.09
1502.24,108.07
1503.24,108.05
1504.23,108.04
1505.23,108.02
1506.22,108.01
1507.22,107.99
1508.22,107.97
1509.21,107.96
1510.21,107.94
1511.2,107.93
1512.2,107.91
1513.2,107.89
1514.19,107.88
1515.19,107.86
1516.18,107.85
1517.18,107.83
1518.17,107.81
1519.17,107.8
1520.17,107.78
1521.16,107.77
1522.16,107.75
1523.15,107.73
1524.15,107.72
1525.15,107.7
1526.14,107.69
1527.14,107.67
1528.13,107.66
1529.13,107.64
1530.12,107.62
1531.12,107.61
1532.12,107.59
1533.11,107.58
1534.11,107.56
1535.1,107.55
1536.1,107.53
1537.1,107.51
1538.09,107.5
1539.09,107.48
1540.08,107.47
1541.08,107.45
1542.07,107.44
1543.07,107.42
1544.07,107.41
1545.06,107.39
1546.06,107.37
1547.05,107.36
1548.05,107.34
1549.05,107.33
1550.04,107.31
1551.04,107.3
1552.03,107.28
1553.03,107.27
1554.02,107.25
1555.02,107.24
1556.02,107.22
1557.01,107.2
1558.01,107.19
1559.0,107.17
1560.0,107.16
1561.0,107.14
1561.99,107.13
1562.99,107.11
1563.98,107.1
1564.98,107.08
1565.98,107.07
1566.97,107.05
1567.97,107.04
1568.96,107.02
1569.96,107.01
1570.95,106.99
1571.95,106.98
1572.95,106.96
1573.94,106.94
1574.94,106.93
1575.93,106.91
1576.93,106.9
1577.93,106.88
1578.92,106.87
1579.92,106.85
1580.91,106.84
1581.91,106.82
1582.9,106.81
1583.9,106.79
1584.9,106.78
1585.89,106.76
1586.89,106.75
1587.88,106.73
1588.88,106.72
1589.88,106.7
1590.87,106.69
1591.87,106.67
1592.86,106.66
1593.86,106.64
1594.85,106.63
1595.85,106.61
1596.85,106.6
1597.84,106.58
1598.84,106.57
1599.83,106.55
1600.83,106.54
1601.83,106.52
1602.82,106.51
1603.82,106.49
1604.81,106.48
1605.81,106.46
1606.8,106.45
1607.8,106.44
1608.8,106.42
1609.79,106.41
1610.79,106.39
1611.78,106.38
1612.78,106.36
1613.78,106.35
1614.77,106.33
1615.77,106.32
1616.76,106.3
1617.76,106.29
1618.76,106.27
1619.75,106.26
1620.75,106.24
1621.74,106.23
1622.74,106.21
1623.73,106.2
1624.73,106.19
1625.73,106.17
1626.72,106.16
1627.72,106.14
1628.71,106.13
1629.71,106.11
1630.71,106.1
1631.7,106.08
1632.7,106.07
1633.69,106.05
1634.69,106.04
1635.68,106.03
1636.68,106.01
1637.68,106.0
1638.67,105.98
1639.67,105.97
1640.66,105.95
1641.66,105.94
1642.66,105.92
1643.65,105.91
1644.65,105.9
1645.64,105.88
1646.64,105.87
1647.63,105.85
1648.63,105.84
1649.63,105.82
1650.62,105.81
1651.62,105.8
1652.61,105.78
1653.61,105.77
1654.61,105.75
1655.6,105.74
1656.6,105.72
1657.59,105.71
1658.59,105.7
1659.59,105.68
1660.58,105.67
1661.58,105.65
1662.57,105.64
1663.57,105.63
1664.56,105.61
1665.56,105.6
1666.56,105.58
1667.55,105.57
1668.55,105.56
1669.54,105.54
1670.54,105.53
1671.54,105.51
1672.53,105.5
1673.53,105.49
1674.52,105.47
1675.52,105.46
1676.51,105.44
1677.51,105.43
1678.51,105.42
1679.5,105.4
1680.5,105.39
1681.49,105.37
1682.49,105.36
1683.49,105.35
1684.48,105.33
1685.48,105.32
1686.47,105.3
1687.47,105.29
1688.46,105.28
1689.46,105.26
1690.46,105.25
1691.45,105.24
1692.45,105.22
1693.44,105.21
1694.44,105.19
1695.44,105.18
1696.43,105.17
1697.43,105.15
1698.42,105.14
1699.42,105.13
1700.41,105.11
1701.41,105.1
1702.41,105.08
1703.4,105.07
1704.4,105.06
1705.39,105.04
1706.39,105.03
1707.39,105.02
1708.38,105.0
1709.38,104.99
1710.37,104.98
1711.37,104.96
1712.37,104.95
1713.36,104.93
1714.36,104.92
1715.35,104.91
1716.35,104.89
1717.34,104.88
1718.34,104.87
1719.34,104.85
1720.33,104.84
1721.33,104.83
1722.32,104.81
1723.32,104.8
1724.32,104.79
1725.31,104.77
1726.31,104.76
1727.3,104.75
1728.3,104.73
1729.29,104.72
1730.29,104.71
1731.29,104.69
1732.28,104.68
1733.28,104.67
1734.27,104.65
1735.27,104.64
1736.27,104.63
1737.26,104.61
1738.26,104.6
1739.25,104.59
1740.25,104.57
1741.24,104.56
1742.24,104.55
1743.24,104.53
1744.23,104.52
1745.23,104.51
1746.22,104.49
1747.22,104.48
1748.22,104.47
1749.21,104.45
1750.21,104.44
1751.2,104.43
1752.2,104.42
1753.2,104.4
1754.19,104.39
1755.19,104.38
1756.18,104.36
1757.18,104.35
1758.17,104.34
1759.17,104.32
1760.17,104.31
1761.16,104.3
1762.16,104.29
1763.15,104.27
1764.15,104.26
1765.15,104.25
1766.14,104.23
1767.14,104.22
1768.13,104.21
1769.13,104.19
1770.12,104.18
1771.12,104.17
1772.12,104.16
1773.11,104.14
1774.11,104.13
1775.1,104.12
1776.1,104.11
1777.1,104.09
1778.09,104.08
1779.09,104.07
1780.08,104.05
1781.08,104.04
1782.07,104.03
1783.07,104.02
1784.07,104.0
1785.06,103.99
1786.06,103.98
1787.05,103.96
1788.05,103.95
1789.05,103.94
1790.04,103.93
1791.04,103.91
1792.03,103.9
1793.03,103.89
1794.02,103.88
1795.02,103.86
1796.02,103.85
1797.01,103.84
1798.01,103.83
1799.0,103.81
1800.0,103.8
1801.0,103.79
1801.99,103.78
1802.99,103.76
1803.98,103.75
1804.98,103.74
1805.98,103.73
1806.97,103.71
1807.97,103.7
1808.96,103.69
1809.96,103.68
1810.95,103.66
1811.95,103.65
1812.95,103.64
1813.94,103.63
1814.94,103.61
1815.93,103.6
1816.93,103.59
1817.93,103.58
1818.92,103.57
1819.92,103.55
1820.91,103.54
1821.91,103.53
1822.9,103.52
1823.9,103.5
1824.9,103.49
1825.89,103.48
1826.89,103.47
1827.88,103.45
1828.88,103.44
1829.88,103.43
1830.87,103.42
1831.87,103.41
1832.86,103.39
1833.86,103.38
1834.85,103.37
1835.85,103.36
1836.85,103.35
1837.84,103.33
1838.84,103.32
1839.83,103.31
1840.83,103.3
1841.83,103.29
1842.82,103.27
1843.82,103.26
1844.81,103.25
1845.81,103.24
1846.8,103.22
1847.8,103.21
1848.8,103.2
1849.79,103.19
1850.79,103.18
1851.78,103.17
1852.78,103.15
1853.78,103.14
1854.77,103.13
1855.77,103.12
1856.76,103.11
1857.76,103.09
1858.76,103.08
1859.75,103.07
1860.75,103.06
1861.74,103.05
1862.74,103.03
1863.73,103.02
1864.73,103.01
1865.73,103.0
1866.72,102.99
1867.72,102.98
1868.71,102.96
1869.71,102.95
1870.71,102.94
1871.7,102.93
1872.7,102.92
1873.69,102.91
1874.69,102.89
1875.68,102.88
1876.68,102.87
1877.68,102.86
1878.67,102.85
1879.67,102.84
1880.66,102.82
1881.66,102.81
1882.66,102.8
1883.65,102.79
1884.65,102.78
1885.64,102.77
1886.64,102.75
1887.63,102.74
1888.63,102.73
1889.63,102.72
1890.62,102.71
1891.62,102.7
1892.61,102.69
1893.61,102.67
1894.61,102.66
1895.6,102.65
1896.6,102.64
1897.59,102.63
1898.59,102.62
1899.59,102.61
1900.58,102.59
1901.58,102.58
1902.57,102.57
1903.57,102.56
1904.56,102.55
1905.56,102.54
1906.56,102.53
1907.55,102.51
1908.55,102.5
1909.54,102.49
1910.54,102.48
1911.54,102.47
1912.53,102.46
1913.53,102.45
1914.52,102.44
1915.52,102.42
1916.51,102.41
1917.51,102.4
1918.51,102.39
1919.5,102.38
1920.5,102.37
1921.49,102.36
1922.49,102.35
1923.49,102.34
1924.48,102.32
1925.48,102.31
1926.47,102.3
1927.47,102.29
1928.46,102.28
1929.46,102.27
1930.46,102.26
1931.45,102.25
1932.45,102.24
1933.44,102.22
1934.44,102.21
1935.44,102.2
1936.43,102.19
1937.43,102.18
1938.42,102.17
1939.42,102.16
1940.41,102.15
1941.41,102.14
1942.41,102.13
1943.4,102.11
1944.4,102.1
1945.39,102.09
1946.39,102.08
1947.39,102.07
1948.38,102.06
1949.38,102.05
1950.37,102.04
1951.37,102.03
1952.37,102.02
1953.36,102.01
1954.36,102.0
1955.35,101.98
1956.35,101.97
1957.34,101.96
1958.34,101.95
1959.34,101.94
1960.33,101.93
1961.33,101.92
1962.32,101.91
1963.32,101.9
1964.32,101.89
1965.31,101.88
1966.31,101.87
1967.3,101.86
1968.3,101.85
1969.29,101.83
1970.29,101.82
1971.29,101.81
1972.28,101.8
1973.28,101.79
1974.27,101.78
1975.27,101.77
1976.27,101.76
1977.26,101.75
1978.26,101.74
1979.25,101.73
1980.25,101.72
1981.24,101.71
1982.24,101.7
1983.24,101.69
1984.23,101.68
1985.23,101.67
1986.22,101.66
1987.22,101.65
1988.22,101.64
1989.21,101.62
1990.21,101.61
1991.2,101.6
1992.2,101.59
1993.2,101.58
1994.19,101.57
1995.19,101.56
1996.18,101.55
1997.18,101.54
1998.17,101.53
1999.17,101.52
2000.17,101.51
2001.16,101.5
2002.16,101.49
2003.15,101.48
2004.15,101.47
2005.15,101.46
2006.14,101.45
2007.14,101.44
2008.13,101.43
2009.13,101.42
2010.12,101.41
2011.12,101.4
2012.12,101.39
2013.11,101.38
2014.11,101.37
2015.1,101.36
2016.1,101.35
2017.1,101.34
2018.09,101.33
2019.09,101.32
2020.08,101.31
2021.08,101.3
2022.07,101.29
2023.07,101.28
2024.07,101.27
2025.06,101.26
2026.06,101.25
2027.05,101.24
2028.05,101.23
2029.05,101.22
2030.04,101.21
2031.04,101.2
2032.03,101.19
2033.03,101.18
2034.02,101.17
2035.02,101.16
2036.02,101.15
2037.01,101.14
2038.01,101.13
2039.0,101.12
2040.0,101.11
2041.0,101.1
2041.99,101.09
2042.99,101.08
2043.98,101.07
2044.98,101.06
2045.98,101.05
2046.97,101.04
2047.97,101.03
2048.96,101.02
2049.96,101.01
2050.95,101.0
2051.95,100.99
2052.95,100.98
2053.94,100.97
2054.94,100.96
2055.93,100.95
2056.93,100.94
2057.93,100.93
2058.92,100.92
2059.92,100.91
2060.91,100.9
2061.91,100.89
2062.9,100.89
2063.9,100.88
2064.9,100.87
2065.89,100.86
2066.89,100.85
2067.88,100.84
2068.88,100.83
2069.88,100.82
2070.87,100.81
2071.87,100.8
2072.86,100.79
2073.86,100.78
2074.85,100.77
2075.85,100.76
2076.85,100.75
2077.84,100.74
2078.84,100.73
2079.83,100.72
2080.83,100.71
2081.83,100.7
2082.82,100.7
2083.82,100.69
2084.81,100.68
2085.81,100.67
2086.8,100.66
2087.8,100.65
2088.8,100.64
2089.79,100.63
2090.79,100.62
2091.78,100.61
2092.78,100.6
2093.78,100.59
2094.77,100.58
2095.77,100.57
2096.76,100.56
2097.76,100.56
2098.76,100.55
2099.75,100.54
2100.75,100.53
2101.74,100.52
2102.74,100.51
2103.73,100.5
2104.73,100.49
2105.73,100.48
2106.72,100.47
2107.72,100.46
2108.71,100.45
2109.71,100.45
2110.71,100.44
2111.7,100.43
2112.7,100.42
2113.69,100.41
2114.69,100.4
2115.68,100.39
2116.68,100.38
2117.68,100.37
2118.67,100.36
2119.67,100.36
2120.66,100.35
2121.66,100.34
2122.66,100.33
2123.65,100.32
2124.65,100.31
2125.64,100.3
2126.64,100.29
2127.63,100.28
2128.63,100.27
2129.63,100.27
2130.62,100.26
2131.62,100.25
2132.61,100.24
2133.61,100.23
2134.61,100.22
2135.6,100.21
2136.6,100.2
2137.59,100.2
2138.59,100.19
2139.59,100.18
2140.58,100.17
2141.58,100.16
2142.57,100.15
2143.57,100.14
2144.56,100.13
2145.56,100.13
2146.56,100.12
2147.55,100.11
2148.55,100.1
2149.54,100.09
2150.54,100.08
2151.54,100.07
2152.53,100.06
2153.53,100.06
2154.52,100.05
2155.52,100.04
2156.51,100.03
2157.51,100.02
2158.51,100.01
2159.5,100.0
2160.5,100.0
2161.49,99.99
2162.49,99.98
2163.49,99.97
2164.48,99.96
2165.48,99.95
2166.47,99.94
2167.47,99.94
2168.46,99.93
2169.46,99.92
2170.46,99.91
2171.45,99.9
2172.45,99.89
2173.44,99.89
2174.44,99.88
2175.44,99.87
2176.43,99.86
2177.43,99.85
2178.42,99.84
2179.42,99.83
2180.41,99.83
2181.41,99.82
2182.41,99.81
2183.4,99.8
2184.4,99.79
2185.39,99.79
2186.39,99.78
2187.39,99.77
2188.38,99.76
2189.38,99.75
2190.37,99.74
2191.37,99.74
2192.37,99.73
2193.36,99.72
2194.36,99.71
2195.35,99.7
2196.35,99.69
2197.34,99.69
2198.34,99.68
2199.34,99.67
2200.33,99.66
2201.33,99.65
2202.32,99.65
2203.32,99.64
2204.32,99.63
2205.31,99.62
2206.31,99.61
2207.3,99.6
2208.3,99.6
2209.29,99.59
2210.29,99.58
2211.29,99.57
2212.28,99.56
2213.28,99.56
2214.27,99.55
2215.27,99.54
2216.27,99.53
2217.26,99.52
2218.26,99.52
2219.25,99.51
2220.25,99.5
2221.24,99.49
2222.24,99.49
2223.24,99.48
2224.23,99.47
2225.23,99.46
2226.22,99.45
2227.22,99.45
2228.22,99.44
2229.21,99.43
2230.21,99.42
2231.2,99.41
2232.2,99.41
2233.2,99.4
2234.19,99.39
2235.19,99.38
2236.18,99.38
2237.18,99.37
2238.17,99.36
2239.17,99.35
2240.17,99.34
2241.16,99.34
2242.16,99.33
2243.15,99.32
2244.15,99.31
2245.15,99.31
2246.14,99.3
2247.14,99.29
2248.13,99.28
2249.13,99.27
2250.12,99.27
2251.12,99.26
2252.12,99.25
2253.11,99.24
2254.11,99.24
2255.1,99.23
2256.1,99.22
2257.1,99.21
2258.09,99.21
2259.09,99.2
2260.08,99.19
2261.08,99.18
2262.07,99.18
2263.07,99.17
2264.07,99.16
2265.06,99.15
2266.06,99.15
2267.05,99.14
2268.05,99.13
2269.05,99.12
2270.04,99.12
2271.04,99.11
2272.03,99.1
2273.03,99.09
2274.02,99.09
2275.02,99.08
2276.02,99.07
2277.01,99.06
2278.01,99.06
2279.0,99.05
2280.0,99.04
2281.0,99.04
2281.99,99.03
2282.99,99.02
2283.98,99.01
2284.98,99.01
2285.98,99.0
2286.97,98.99
2287.97,98.98
2288.96,98.98
2289.96,98.97
2290.95,98.96
2291.95,98.96
2292.95,98.95
2293.94,98.94
2294.94,98.93
2295.93,98.93
2296.93,98.92
2297.93,98.91
2298.92,98.91
2299.92,98.9
2300.91,98.89
2301.91,98.88
2302.9,98.88
2303.9,98.87
2304.9,98.86
2305.89,98.86
2306.89,98.85
2307.88,98.84
2308.88,98.83
2309.88,98.83
2310.87,98.82
2311.87,98.81
2312.86,98.81
2313.86,98.8
2314.85,98.79
2315.85,98.79
2316.85,98.78
2317.84,98.77
2318.84,98.76
2319.83,98.76
2320.83,98.75
2321.83,98.74
2322.82,98.74
2323.82,98.73
2324.81,98.72
2325.81,98.72
2326.8,98.71
2327.8,98.7
2328.8,98.7
2329.79,98.69
2330.79,98.68
2331.78,98.68
2332.78,98.67
2333.78,98.66
2334.77,98.65
2335.77,98.65
2336.76,98.64
2337.76,98.63
2338.76,98.63
2339.75,98.62
2340.75,98.61
2341.74,98.61
2342.74,98.6
2343.73,98.59
2344.73,98.59
2345.73,98.58
2346.72,98.57
2347.72,98.57
2348.71,98.56
2349.71,98.55
2350.71,98.55
2351.7,98.54
2352.7,98.53
2353.69,98.53
2354.69,98.52
2355.68,98.51
2356.68,98.51
2357.68,98.5
2358.67,98.49
2359.67,98.49
2360.66,98.48
2361.66,98.48
2362.66,98.47
2363.65,98.46
2364.65,98.46
2365.64,98.45
2366.64,98.44
2367.63,98.44
2368.63,98.43
2369.63,98.42
2370.62,98.42
2371.62,98.41
2372.61,98.4
2373.61,98.4
2374.61,98.39
2375.6,98.39
2376.6,98.38
2377.59,98.37
2378.59,98.37
2379.59,98.36
2380.58,98.35
2381.58,98.35
2382.57,98.34
2383.57,98.33
2384.56,98.33
2385.56,98.32
2386.56,98.32
2387.55,98.31
2388.55,98.3
2389.54,98.3
2390.54,98.29
2391.54,98.28
2392.53,98.28
2393.53,98.27
2394.52,98.27
2395.52,98.26
2396.51,98.25
2397.51,98.25
2398.51,98.24
2399.5,98.23
2400.5,98.23
2401.49,98.22
2402.49,98.22
2403.49,98.21
2404.48,98.2
2405.48,98.2
2406.47,98.19
2407.47,98.19
2408.46,98.18
2409.46,98.17
2410.46,98.17
2411.45,98.16
2412.45,98.16
2413.44,98.15
2414.44,98.14
2415.44,98.14
2416.43,98.13
2417.43,98.13
2418.42,98.12
2419.42,98.11
2420.41,98.11
2421.41,98.1
2422.41,98.1
2423.4,98.09
2424.4,98.08
2425.39,98.08
2426.39,98.07
2427.39,98.07
2428.38,98.06
2429.38,98.05
2430.37,98.05
2431.37,98.04
2432.37,98.04
2433.36,98.03
2434.36,98.03
2435.35,98.02
2436.35,98.01
2437.34,98.01
2438.34,98.0
2439.34,98.0
2440.33,97.99
2441.33,97.98
2442.32,97.98
2443.32,97.97
2444.32,97.97
2445.31,97.96
2446.31,97.96
2447.3,97.95
2448.3,97.94
2449.29,97.94
2450.29,97.93
2451.29,97.93
2452.28,97.92
2453.28,97.92
2454.27,97.91
2455.27,97.91
2456.27,97.9
2457.26,97.89
2458.26,97.89
2459.25,97.88
2460.25,97.88
2461.24,97.87
2462.24,97.87
2463.24,97.86
2464.23,97.86
2465.23,97.85
2466.22,97.84
2467.22,97.84
2468.22,97.83
2469.21,97.83
2470.21,97.82
2471.2,97.82
2472.2,97.81
2473.2,97.81
2474.19,97.8
2475.19,97.8
2476.18,97.79
2477.18,97.78
2478.17,97.78
2479.17,97.77
2480.17,97.77
2481.16,97.76
2482.16,97.76
2483.15,97.75
2484.15,97.75
2485.15,97.74
2486.14,97.74
2487.14,97.73
2488.13,97.73
2489.13,97.72
2490.12,97.71
2491.12,97.71
2492.12,97.7
2493.11,97.7
2494.11,97.69
2495.1,97.69
2496.1,97.68
2497.1,97.68
2498.09,97.67
2499.09,97.67
2500.08,97.66
2501.08,97.66
2502.07,97.65
2503.07,97.65
2504.07,97.64
2505.06,97.64
2506.06,97.63
2507.05,97.63
2508.05,97.62
2509.05,97.62
2510.04,97.61
2511.04,97.61
2512.03,97.6
2513.03,97.6
2514.02,97.59
2515.02,97.59
2516.02,97.58
2517.01,97.58
2518.01,97.57
2519.0,97.57
2520.0,97.56
2521.0,97.56
2521.99,97.55
2522.99,97.55
2523.98,97.54
2524.98,97.54
2525.98,97.53
2526.97,97.53
2527.97,97.52
2528.96,97.52
2529.96,97.51
2530.95,97.51
2531.95,97.5
2532.95,97.5
2533.94,97.49
2534.94,97.49
2535.93,97.48
2536.93,97.48
2537.93,97.47
2538.92,97.47
2539.92,97.46
2540.91,97.46
2541.91,97.45
2542.9,97.45
2543.9,97.44
2544.9,97.44
2545.89,97.43
2546.89,97.43
2547.88,97.42
2548.88,97.42
2549.88,97.41
2550.87,97.41
2551.87,97.4
2552.86,97.4
2553.86,97.4
2554.85,97.39
2555.85,97.39
2556.85,97.38
2557.84,97.38
2558.84,97.37
2559.83,97.37
2560.83,97.36
2561.83,97.36
2562.82,97.35
2563.82,97.35
2564.81,97.34
2565.81,97.34
2566.8,97.33
2567.8,97.33
2568.8,97.33
2569.79,97.32
2570.79,97.32
2571.78,97.31
2572.78,97.31
2573.78,97.3
2574.77,97.3
2575.77,97.29
2576.76,97.29
2577.76,97.28
2578.76,97.28
2579.75,97.28
2580.75,97.27
2581.74,97.27
2582.74,97.26
2583.73,97.26
2584.73,97.25
2585.73,97.25
2586.72,97.24
2587.72,97.24
2588.71,97.24
2589.71,97.23
2590.71,97.23
2591.7,97.22
2592.7,97.22
2593.69,97.21
2594.69,97.21
2595.68,97.21
2596.68,97.2
2597.68,97.2
2598.67,97.19
2599.67,97.19
2600.66,97.18
2601.66,97.18
2602.66,97.18
2603.65,97.17
2604.65,97.17
2605.64,97.16
2606.64,97.16
2607.63,97.15
2608.63,97.15
2609.63,97.15
2610.62,97.14
2611.62,97.14
2612.61,97.13
2613.61,97.13
2614.61,97.12
2615.6,97.12
2616.6,97.12
2617.59,97.11
2618.59,97.11
2619.59,97.1
2620.58,97.1
2621.58,97.1
2622.57,97.09
2623.57,97.09
2624.56,97.08
2625.56,97.08
2626.56,97.08
2627.55,97.07
2628.55,97.07
2629.54,97.06
2630.54,97.06
2631.54,97.06
2632.53,97.05
2633.53,97.05
2634.52,97.04
2635.52,97.04
2636.51,97.04
2637.51,97.03
2638.51,97.03
2639.5,97.02
2640.5,97.02
2641.49,97.02
2642.49,97.01
2643.49,97.01
2644.48,97.0
2645.48,97.0
2646.47,97.0
2647.47,96.99
2648.46,96.99
2649.46,96.98
2650.46,96.98
2651.45,96.98
2652.45,96.97
2653.44,96.97
2654.44,96.97
2655.44,96.96
2656.43,96.96
2657.43,96.95
2658.42,96.95
2659.42,96.95
2660.41,96.94
2661.41,96.94
2662.41,96.94
2663.4,96.93
2664.4,96.93
2665.39,96.92
2666.39,96.92
2667.39,96.92
2668.38,96.91
2669.38,96.91
2670.37,96.91
2671.37,96.9
2672.37,96.9
2673.36,96.89
2674.36,96.89
2675.35,96.89
2676.35,96.88
2677.34,96.88
2678.34,96.88
2679.34,96.87
2680.33,96.87
2681.33,96.87
2682.32,96.86
2683.32,96.86
2684.32,96.85
2685.31,96.85
2686.31,96.85
2687.3,96.84
2688.3,96.84
2689.29,96.84
2690.29,96.83
2691.29,96.83
2692.28,96.83
2693.28,96.82
2694.27,96.82
2695.27,96.82
2696.27,96.81
2697.26,96.81
2698.26,96.81
2699.25,96.8
2700.25,96.8
2701.24,96.8
2702.24,96.79
2703.24,96.79
2704.23,96.79
2705.23,96.78
2706.22,96.78
2707.22,96.78
2708.22,96.77
2709.21,96.77
2710.21,96.77
2711.2,96.76
2712.2,96.76
2713.2,96.76
2714.19,96.75
2715.19,96.75
2716.18,96.75
2717.18,96.74
2718.17,96.74
2719.17,96.74
2720.17,96.73
2721.16,96.73
2722.16,96.73
2723.15,96.72
2724.15,96.72
2725.15,96.72
2726.14,96.71
2727.14,96.71
2728.13,96.71
2729.13,96.7
2730.12,96.7
2731.12,96.7
2732.12,96.69
2733.11,96.69
2734.11,96.69
2735.1,96.68
2736.1,96.68
2737.1,96.68
2738.09,96.68
2739.09,96.67
2740.08,96.67
2741.08,96.67
2742.07,96.66
2743.07,96.66
2744.07,96.66
2745.06,96.65
2746.06,96.65
2747.05,96.65
2748.05,96.64
2749.05,96.64
2750.04,96.64
2751.04,96.64
2752.03,96.63
2753.03,96.63
2754.02,96.63
2755.02,96.62
2756.02,96.62
2757.01,96.62
2758.01,96.61
2759.0,96.61
2760.0,96.61
2761.0,96.61
2761.99,96.6
2762.99,96.6
2763.98,96.6
2764.98,96.59
2765.98,96.59
2766.97,96.59
2767.97,96.59
2768.96,96.58
2769.96,96.58
2770.95,96.58
2771.95,96.57
2772.95,96.57
2773.94,96.57
2774.94,96.57
2775.93,96.56
2776.93,96.56
2777.93,96.56
2778.92,96.55
2779.92,96.55
2780.91,96.55
2781.91,96.55
2782.9,96.54
2783.9,96.54
2784.9,96.54
2785.89,96.54
2786.89,96.53
2787.88,96.53
2788.88,96.53
2789.88,96.52
2790.87,96.52
2791.87,96.52
2792.86,96.52
2793.86,96.51
2794.85,96.51
2795.85,96.51
2796.85,96.51
2797.84,96.5
2798.84,96.5
2799.83,96.5
2800.83,96.5
2801.83,96.49
2802.82,96.49
2803.82,96.49
2804.81,96.48
2805.81,96.48
2806.8,96.48
2807.8,96.48
2808.8,96.47
2809.79,96.47
2810.79,96.47
2811.78,96.47
2812.78,96.46
2813.78,96.46
2814.77,96.46
2815.77,96.46
2816.76,96.45
2817.76,96.45
2818.76,96.45
2819.75,96.45
2820.75,96.44
2821.74,96.44
2822.74,96.44
2823.73,96.44
2824.73,96.43
2825.73,96.43
2826.72,96.43
2827.72,96.43
2828.71,96.43
2829.71,96.42
2830.71,96.42
2831.7,96.42
2832.7,96.42
2833.69,96.41
2834.69,96.41
2835.68,96.41
2836.68,96.41
2837.68,96.4
2838.67,96.4
2839.67,96.4
2840.66,96.4
2841.66,96.39
2842.66,96.39
2843.65,96.39
2844.65,96.39
2845.64,96.39
2846.64,96.38
2847.63,96.38
2848.63,96.38
2849.63,96.38
2850.62,96.37
2851.62,96.37
2852.61,96.37
2853.61,96.37
2854.61,96.37
2855.6,96.36
2856.6,96.36
2857.59,96.36
2858.59,96.36
2859.59,96.35
2860.58,96.35
2861.58,96.35
2862.57,96.35
2863.57,96.35
2864.56,96.34
2865.56,96.34
2866.56,96.34
2867.55,96.34
2868.55,96.34
2869.54,96.33
2870.54,96.33
2871.54,96.33
2872.53,96.33
2873.53,96.33
2874.52,96.32
2875.52,96.32
2876.51,96.32
2877.51,96.32
2878.51,96.32
2879.5,96.31
2880.5,96.31
2881.49,96.31
2882.49,96.31
2883.49,96.31
2884.48,96.3
2885.48,96.3
2886.47,96.3
2887.47,96.3
2888.46,96.3
2889.46,96.29
2890.46,96.29
2891.45,96.29
2892.45,96.29
2893.44,96.29
2894.44,96.28
2895.44,96.28
2896.43,96.28
2897.43,96.28
2898.42,96.28
2899.42,96.27
2900.41,96.27
2901.41,96.27
2902.41,96.27
2903.4,96.27
2904.4,96.27
2905.39,96.26
2906.39,96.26
2907.39,96.26
2908.38,96.26
2909.38,96.26
2910.37,96.25
2911.37,96.25
2912.37,96.25
2913.36,96.25
2914.36,96.25
2915.35,96.25
2916.35,96.24
2917.34,96.24
2918.34,96.24
2919.34,96.24
2920.33,96.24
2921.33,96.24
2922.32,96.23
2923.32,96.23
2924.32,96.23
2925.31,96.23
2926.31,96.23
2927.3,96.22
2928.3,96.22
2929.29,96.22
2930.29,96.22
2931.29,96.22
2932.28,96.22
2933.28,96.22
2934.27,96.21
2935.27,96.21
2936.27,96.21
2937.26,96.21
2938.26,96.21
2939.25,96.21
2940.25,96.2
2941.24,96.2
2942.24,96.2
2943.24,96.2
2944.23,96.2
2945.23,96.2
2946.22,96.19
2947.22,96.19
2948.22,96.19
2949.21,96.19
2950.21,96.19
2951.2,96.19
2952.2,96.19
2953.2,96.18
2954.19,96.18
2955.19,96.18
2956.18,96.18
2957.18,96.18
2958.17,96.18
2959.17,96.18
2960.17,96.17
2961.16,96.17
2962.16,96.17
2963.15,96.17
2964.15,96.17
2965.15,96.17
2966.14,96.17
2967.14,96.16
2968.13,96.16
2969.13,96.16
2970.12,96.16
2971.12,96.16
2972.12,96.16
2973.11,96.16
2974.11,96.15
2975.1,96.15
2976.1,96.15
2977.1,96.15
2978.09,96.15
2979.09,96.15
2980.08,96.15
2981.08,96.15
2982.07,96.14
2983.07,96.14
2984.07,96.14
2985.06,96.14
2986.06,96.14
2987.05,96.14
2988.05,96.14
2989.05,96.14
2990.04,96.13
2991.04,96.13
2992.03,96.13
2993.03,96.13
2994.02,96.13
2995.02,96.13
2996.02,96.13
2997.01,96.13
2998.01,96.12
2999.0,96.12
3000.0,96.12
3001.0,96.12
3001.99,96.12
3002.99,96.12
3003.98,96.12
3004.98,96.12
3005.98,96.11
3006.97,96.11
3007.97,96.11
3008.96,96.11
3009.96,96.11
3010.95,96.11
3011.95,96.11
3012.95,96.11
3013.94,96.11
3014.94,96.1
3015.93,96.1
3016.93,96.1
3017.93,96.1
3018.92,96.1
3019.92,96.1
3020.91,96.1
3021.91,96.1
3022.9,96.1
3023.9,96.1
3024.9,96.09
3025.89,96.09
3026.89,96.09
3027.88,96.09
3028.88,96.09
3029.88,96.09
3030.87,96.09
3031.87,96.09
3032.86,96.09
3033.86,96.09
3034.85,96.08
3035.85,96.08
3036.85,96.08
3037.84,96.08
3038.84,96.08
3039.83,96.08
3040.83,96.08
3041.83,96.08
3042.82,96.08
3043.82,96.08
3044.81,96.08
3045.81,96.07
3046.8,96.07
3047.8,96.07
3048.8,96.07
3049.79,96.07
3050.79,96.07
3051.78,96.07
3052.78,96.07
3053.78,96.07
3054.77,96.07
3055.77,96.07
3056.76,96.07
3057.76,96.06
3058.76,96.06
3059.75,96.06
3060.75,96.06
3061.74,96.06
3062.74,96.06
3063.73,96.06
3064.73,96.06
3065.73,96.06
3066.72,96.06
3067.72,96.06
3068.71,96.06
3069.71,96.05
3070.71,96.05
3071.7,96.05
3072.7,96.05
3073.69,96.05
3074.69,96.05
3075.68,96.05
3076.68,96.05
3077.68,96.05
3078.67,96.05
3079.67,96.05
3080.66,96.05
3081.66,96.05
3082.66,96.05
3083.65,96.04
3084.65,96.04
3085.64,96.04
3086.64,96.04
3087.63,96.04
3088.63,96.04
3089.63,96.04
3090.62,96.04
3091.62,96.04
3092.61,96.04
3093.61,96.04
3094.61,96.04
3095.6,96.04
3096.6,96.04
3097.59,96.04
3098.59,96.04
3099.59,96.04
3100.58,96.03
3101.58,96.03
3102.57,96.03
3103.57,96.03
3104.56,96.03
3105.56,96.03
3106.56,96.03
3107.55,96.03
3108.55,96.03
3109.54,96.03
3110.54,96.03
3111.54,96.03
3112.53,96.03
3113.53,96.03
3114.52,96.03
3115.52,96.03
3116.51,96.03
3117.51,96.03
3118.51,96.03
3119.5,96.02
3120.5,96.02
3121.49,96.02
3122.49,96.02
3123.49,96.02
3124.48,96.02
3125.48,96.02
3126.47,96.02
3127.47,96.02
3128.46,96.02
3129.46,96.02
3130.46,96.02
3131.45,96.02
3132.45,96.02
3133.44,96.02
3134.44,96.02
3135.44,96.02
3136.43,96.02
3137.43,96.02
3138.42,96.02
3139.42,96.02
3140.41,96.02
3141.41,96.02
3142.41,96.02
3143.4,96.01
3144.4,96.01
3145.39,96.01
3146.39,96.01
3147.39,96.01
3148.38,96.01
3149.38,96.01
3150.37,96.01
3151.37,96.01
3152.37,96.01
3153.36,96.01
3154.36,96.01
3155.35,96.01
3156.35,96.01
3157.34,96.01
3158.34,96.01
3159.34,96.01
3160.33,96.01
3161.33,96.01
3162.32,96.01
3163.32,96.01
3164.32,96.01
3165.31,96.01
3166.31,96.01
3167.3,96.01
3168.3,96.01
3169.29,96.01
3170.29,96.01
3171.29,96.01
3172.28,96.01
3173.28,96.01
3174.27,96.01
3175.27,96.01
3176.27,96.01
3177.26,96.01
3178.26,96.01
3179.25,96.01
3180.25,96.0
3181.24,96.0
3182.24,96.0
3183.24,96.0
3184.23,96.0
3185.23,96.0
3186.22,96.0
3187.22,96.0
3188.22,96.0
3189.21,96.0
3190.21,96.0
3191.2,96.0
3192.2,96.0
3193.2,96.0
3194.19,96.0
3195.19,96.0
3196.18,96.0
3197.18,96.0
3198.17,96.0
3199.17,96.0
3200.17,96.0
3201.16,96.0
3202.16,96.0
3203.15,96.0
3204.15,96.0
3205.15,96.0
3206.14,96.0
3207.14,96.0
3208.13,96.0
3209.13,96.0
3210.12,96.0
3211.12,96.0
3212.12,96.0
3213.11,96.0
3214.11,96.0
3215.1,96.0
3216.1,96.0
3217.1,96.0
3218.09,96.0
3219.09,96.0
3220.08,96.0
3221.08,96.0
3222.07,96.0
3223.07,96.0
3224.07,96.0
3225.06,96.0
3226.06,96.0
3227.05,96.0
3228.05,96.0
3229.05,96.0
3230.04,96.0
3231.04,96.0
3232.03,96.0
3233.03,96.0
3234.02,96.0
3235.02,96.0
3236.02,96.0
3237.01,96.0
3238.01,96.0
3239.0,96.0
3240.0,96.0
4000.0,96.0
